Id_0,sid_038,sid_01,sid_029,sid_030,sid_025
Id_1,sid_10,sid_10,sid_118,sid_12,sid_121
Id_2,sid_237,sid_235,sid_224,sid_228,sid_225
Id_3,sid_324,sid_331,sid_325,sid_30,sid_32
Id_4,sid_433,sid_49,sid_40,sid_437,sid_428
Id_5,sid_526,sid_58,sid_527,sid_50,sid_528
Id_6,sid_636,sid_639,sid_623,sid_635,sid_629
Id_7,sid_74,sid_724,sid_73,sid_731,sid_725
Id_8,sid_827,sid_85,sid_826,sid_80,sid_821
Id_9,sid_933,sid_94,sid_917,sid_935,sid_937
Id_10,sid_100,sid_1027,sid_105,sid_1037,sid_1026
Id_11,sid_1112,sid_1134,sid_1135,sid_113,sid_1125
Id_12,sid_1211,sid_1234,sid_1235,sid_123,sid_1225
Id_13,sid_1314,sid_1317,sid_1337,sid_1335,sid_1333
Id_14,sid_1413,sid_1417,sid_1437,sid_1433,sid_1435
Id_15,sid_1533,sid_1539,sid_1536,sid_1532,sid_1516
Id_16,sid_1621,sid_1625,sid_1631,sid_162,sid_1624
Id_17,sid_179,sid_1737,sid_1734,sid_1735,sid_172
Id_18,sid_1819,sid_1821,sid_1824,sid_1831,sid_181
Id_19,sid_1918,sid_1921,sid_1924,sid_1931,sid_1925
Id_20,sid_2036,sid_2037,sid_2029,sid_2030,sid_2034
Id_21,sid_2119,sid_2118,sid_213,sid_2124,sid_2131
Id_22,sid_2236,sid_2230,sid_2229,sid_2228,sid_2234
Id_23,sid_2333,sid_2337,sid_234,sid_236,sid_2329
Id_24,sid_2431,sid_243,sid_2425,sid_2428,sid_242
Id_25,sid_253,sid_2531,sid_2524,sid_252,sid_2537
Id_26,sid_265,sid_268,sid_2627,sid_2621,sid_260
Id_27,sid_278,sid_2726,sid_275,sid_2710,sid_2721
Id_28,sid_2834,sid_2835,sid_2824,sid_2831,sid_282
Id_29,sid_2930,sid_2933,sid_2922,sid_299,sid_2920
Id_30,sid_3029,sid_3022,sid_3033,sid_309,sid_3020
Id_31,sid_3124,sid_313,sid_3125,sid_3128,sid_312
Id_32,sid_3236,sid_3218,sid_3229,sid_3230,sid_3219
Id_33,sid_339,sid_334,sid_3337,sid_3335,sid_3329
Id_34,sid_3428,sid_3435,sid_3437,sid_342,sid_3425
Id_35,sid_3534,sid_3528,sid_3537,sid_352,sid_3524
Id_36,sid_3620,sid_3622,sid_3629,sid_3630,sid_366
Id_37,sid_372,sid_3734,sid_3735,sid_3728,sid_3725
Id_38,sid_380,sid_3829,sid_3830,sid_3837,sid_3825
Id_39,sid_3934,sid_3937,sid_3928,sid_3917,sid_3935
