Id_0,sid_07,sid_010,sid_011,sid_018,sid_031A
Id_1,sid_121,sid_110,sid_128,sid_135,sid_131
Id_2,sid_29,sid_25,sid_228,sid_234,sid_235
Id_3,sid_329,sid_330,sid_30,sid_34,sid_312
Id_4,sid_48,sid_412,sid_433,sid_430,sid_429
Id_5,sid_59,sid_52,sid_512,sid_516,sid_513
Id_6,sid_60,sid_622,sid_634,sid_628,sid_619
Id_7,sid_737,sid_725,sid_70,sid_735,sid_712
Id_8,sid_813,sid_812,sid_833,sid_837,sid_834
Id_9,sid_92,sid_95,sid_912,sid_934,sid_913
Id_10,sid_101,sid_100,sid_1018,sid_100,sid_1016
Id_11,sid_1133,sid_1112,sid_1137,sid_1113,sid_118
Id_12,sid_1213,sid_1233,sid_128,sid_125,sid_129
Id_13,sid_1312,sid_1333,sid_138,sid_135,sid_139
Id_14,sid_1416,sid_145,sid_140,sid_149,sid_1412
Id_15,sid_1521,sid_1525,sid_1531,sid_151,sid_1524
Id_16,sid_1614,sid_165,sid_169,sid_1612,sid_162
Id_17,sid_1720,sid_1736,sid_1732,sid_170,sid_1730
Id_18,sid_1810,sid_1821,sid_1824,sid_1831,sid_180
Id_19,sid_1937,sid_191,sid_198,sid_1912,sid_1933
Id_20,sid_2036,sid_2037,sid_2030,sid_2029,sid_2017
Id_21,sid_2115,sid_211,sid_2124,sid_2131,sid_2125
Id_22,sid_2236,sid_2230,sid_2229,sid_226,sid_2213
Id_23,sid_2333,sid_2337,sid_2315,sid_2329,sid_231
Id_24,sid_2431,sid_2425,sid_2428,sid_2435,sid_242
Id_25,sid_2531,sid_2524,sid_2534,sid_2537,sid_2535
Id_26,sid_2627,sid_2621,sid_260,sid_2618,sid_2612
Id_27,sid_2726,sid_2721,sid_2714,sid_2737,sid_2712
Id_28,sid_2834,sid_2835,sid_2824,sid_2831,sid_2837
Id_29,sid_2930,sid_293,sid_294,sid_2933,sid_2911
Id_30,sid_3029,sid_303,sid_304,sid_3011,sid_3033
Id_31,sid_3124,sid_3125,sid_3128,sid_3135,sid_3121
Id_32,sid_3236,sid_327,sid_3217,sid_3216,sid_3230
Id_33,sid_3312,sid_3313,sid_338,sid_335,sid_3311
Id_34,sid_3428,sid_3435,sid_3437,sid_349,sid_342
Id_35,sid_3534,sid_3528,sid_3537,sid_3524,sid_3531
Id_36,sid_3620,sid_3622,sid_3630,sid_3629,sid_3632
Id_37,sid_3735,sid_3734,sid_378,sid_3728,sid_3725
Id_38,sid_3811,sid_3830,sid_3829,sid_3837,sid_388
Id_39,sid_394,sid_3937,sid_3934,sid_3928,sid_3935
